{
  "users": [
    {
      "id": "54az3",
      "fullName": "Armaan Dhanji",
      "aboutMe": "Hi, my name is Armaan Dhanji but I'm better known by my nickname @armaand, and I'm a teacher in the School of Computing at BCIT.",
      "knownTechnologies": [
        "HTML",
        "CSS",
        "JS",
        "Git",
        "React",
        "Node.js"
      ],
      "githubUrl": "github.com/adhanji8",
      "twitterUrl": "twitter.com/bcit",
      "favoriteBooks": [
        "The Lord of the Rings - J. R. R. Tolkien",
        "Foundation Series - Isaac Asimov",
        "Cracking the Coding Interview - Gayle Laakmann",
        "Clean Code - Rob Martin",
        "A Brief History of Time - Stephen Hawking"
      ],
      "favoriteArtists": []
    },
    {}
  ]
}